{
  "14 Register Request" : {
    "transaction" : "14 Register Request",
    "sampleCount" : 1000,
    "errorCount" : 1000,
    "errorPct" : 100.0,
    "meanResTime" : 2.0369999999999973,
    "medianResTime" : 1.0,
    "minResTime" : 0.0,
    "maxResTime" : 48.0,
    "pct1ResTime" : 2.0,
    "pct2ResTime" : 2.0,
    "pct3ResTime" : 40.99000000000001,
    "throughput" : 102.32272587741738,
    "receivedKBytesPerSec" : 255.1073429346158,
    "sentKBytesPerSec" : 0.0
  },
  "Total" : {
    "transaction" : "Total",
    "sampleCount" : 1000,
    "errorCount" : 1000,
    "errorPct" : 100.0,
    "meanResTime" : 2.0369999999999973,
    "medianResTime" : 1.0,
    "minResTime" : 0.0,
    "maxResTime" : 48.0,
    "pct1ResTime" : 2.0,
    "pct2ResTime" : 2.0,
    "pct3ResTime" : 40.99000000000001,
    "throughput" : 102.32272587741738,
    "receivedKBytesPerSec" : 255.1073429346158,
    "sentKBytesPerSec" : 0.0
  }
}