{
  "16 Get Stock Prices Request" : {
    "transaction" : "16 Get Stock Prices Request",
    "sampleCount" : 1000,
    "errorCount" : 1000,
    "errorPct" : 100.0,
    "meanResTime" : 966.0099999999994,
    "medianResTime" : 991.5,
    "minResTime" : 7.0,
    "maxResTime" : 2703.0,
    "pct1ResTime" : 1785.0,
    "pct2ResTime" : 1963.9499999999998,
    "pct3ResTime" : 2698.99,
    "throughput" : 23.645133831457485,
    "receivedKBytesPerSec" : 9.23638040291308,
    "sentKBytesPerSec" : 13.779571195497965
  },
  "14 Register Request" : {
    "transaction" : "14 Register Request",
    "sampleCount" : 1000,
    "errorCount" : 0,
    "errorPct" : 0.0,
    "meanResTime" : 18726.568000000007,
    "medianResTime" : 18832.0,
    "minResTime" : 651.0,
    "maxResTime" : 36668.0,
    "pct1ResTime" : 31799.899999999998,
    "pct2ResTime" : 33895.45,
    "pct3ResTime" : 35973.46,
    "throughput" : 21.581957483543757,
    "receivedKBytesPerSec" : 4.636748678105104,
    "sentKBytesPerSec" : 5.937799281051041
  },
  "Total" : {
    "transaction" : "Total",
    "sampleCount" : 3000,
    "errorCount" : 1000,
    "errorPct" : 33.333332,
    "meanResTime" : 12322.598333333337,
    "medianResTime" : 9941.5,
    "minResTime" : 6.0,
    "maxResTime" : 36668.0,
    "pct1ResTime" : 29544.8,
    "pct2ResTime" : 31987.649999999994,
    "pct3ResTime" : 35436.96,
    "throughput" : 61.97066721751704,
    "receivedKBytesPerSec" : 25.37230814914274,
    "sentKBytesPerSec" : 22.851744054689114
  },
  "15 Login Request" : {
    "transaction" : "15 Login Request",
    "sampleCount" : 1000,
    "errorCount" : 0,
    "errorPct" : 0.0,
    "meanResTime" : 17275.216999999986,
    "medianResTime" : 17444.0,
    "minResTime" : 6.0,
    "maxResTime" : 35939.0,
    "pct1ResTime" : 30523.8,
    "pct2ResTime" : 32435.149999999998,
    "pct3ResTime" : 34936.14,
    "throughput" : 21.91732783938982,
    "receivedKBytesPerSec" : 13.650214515846228,
    "sentKBytesPerSec" : 5.4433738438609565
  }
}