{
  "23 Get Stock Portfolio Request" : {
    "transaction" : "23 Get Stock Portfolio Request",
    "sampleCount" : 5000,
    "errorCount" : 5000,
    "errorPct" : 100.0,
    "meanResTime" : 314.636199999999,
    "medianResTime" : 58.0,
    "minResTime" : 1.0,
    "maxResTime" : 17621.0,
    "pct1ResTime" : 653.9000000000005,
    "pct2ResTime" : 886.8999999999996,
    "pct3ResTime" : 3796.959999999999,
    "throughput" : 22.186625014975974,
    "receivedKBytesPerSec" : 6.082081915238218,
    "sentKBytesPerSec" : 4.232644720581645
  },
  "16 Get Stock Prices Request" : {
    "transaction" : "16 Get Stock Prices Request",
    "sampleCount" : 5000,
    "errorCount" : 4978,
    "errorPct" : 99.56,
    "meanResTime" : 15279.0272,
    "medianResTime" : 973.0,
    "minResTime" : 2.0,
    "maxResTime" : 69274.0,
    "pct1ResTime" : 58208.80000000003,
    "pct2ResTime" : 68501.95,
    "pct3ResTime" : 68989.94,
    "throughput" : 22.191548570642357,
    "receivedKBytesPerSec" : 5.415171279919755,
    "sentKBytesPerSec" : 4.168569707537581
  },
  "14 Register Request" : {
    "transaction" : "14 Register Request",
    "sampleCount" : 5000,
    "errorCount" : 3322,
    "errorPct" : 66.44,
    "meanResTime" : 65662.60400000005,
    "medianResTime" : 79999.0,
    "minResTime" : 922.0,
    "maxResTime" : 81001.0,
    "pct1ResTime" : 80009.0,
    "pct2ResTime" : 80346.85,
    "pct3ResTime" : 80974.99,
    "throughput" : 52.8061170606003,
    "receivedKBytesPerSec" : 92.84834586488498,
    "sentKBytesPerSec" : 4.924531395216822
  },
  "19 Place Stock Order Request" : {
    "transaction" : "19 Place Stock Order Request",
    "sampleCount" : 5000,
    "errorCount" : 4885,
    "errorPct" : 97.7,
    "meanResTime" : 3409.9706000000024,
    "medianResTime" : 485.0,
    "minResTime" : 1.0,
    "maxResTime" : 69237.0,
    "pct1ResTime" : 5716.900000000001,
    "pct2ResTime" : 21309.09999999999,
    "pct3ResTime" : 58313.349999999984,
    "throughput" : 22.18879111028273,
    "receivedKBytesPerSec" : 5.378762317552665,
    "sentKBytesPerSec" : 6.914564694748801
  },
  "Total" : {
    "transaction" : "Total",
    "sampleCount" : 50000,
    "errorCount" : 48070,
    "errorPct" : 96.14,
    "meanResTime" : 16978.54658000015,
    "medianResTime" : 512.0,
    "minResTime" : 1.0,
    "maxResTime" : 81001.0,
    "pct1ResTime" : 20222.30000000001,
    "pct2ResTime" : 38269.95,
    "pct3ResTime" : 68602.98000000001,
    "throughput" : 202.14598174217494,
    "receivedKBytesPerSec" : 129.13615552075836,
    "sentKBytesPerSec" : 36.08637814665489
  },
  "20 Get Stock Transactions Request" : {
    "transaction" : "20 Get Stock Transactions Request",
    "sampleCount" : 5000,
    "errorCount" : 5000,
    "errorPct" : 100.0,
    "meanResTime" : 2577.522600000006,
    "medianResTime" : 422.5,
    "minResTime" : 1.0,
    "maxResTime" : 69277.0,
    "pct1ResTime" : 3727.000000000011,
    "pct2ResTime" : 12179.849999999999,
    "pct3ResTime" : 55905.979999999996,
    "throughput" : 22.188988049011037,
    "receivedKBytesPerSec" : 5.379832830937662,
    "sentKBytesPerSec" : 4.298102328401461
  },
  "17 Add Money Request" : {
    "transaction" : "17 Add Money Request",
    "sampleCount" : 5000,
    "errorCount" : 5000,
    "errorPct" : 100.0,
    "meanResTime" : 1024.9269999999979,
    "medianResTime" : 333.0,
    "minResTime" : 1.0,
    "maxResTime" : 36714.0,
    "pct1ResTime" : 2222.8000000000065,
    "pct2ResTime" : 4805.95,
    "pct3ResTime" : 12486.11999999998,
    "throughput" : 22.18810185226274,
    "receivedKBytesPerSec" : 6.1477726543293425,
    "sentKBytesPerSec" : 5.01297691938175
  },
  "18 Get Wallet Balance Request" : {
    "transaction" : "18 Get Wallet Balance Request",
    "sampleCount" : 5000,
    "errorCount" : 5000,
    "errorPct" : 100.0,
    "meanResTime" : 913.8291999999994,
    "medianResTime" : 422.0,
    "minResTime" : 1.0,
    "maxResTime" : 30665.0,
    "pct1ResTime" : 1972.2000000000044,
    "pct2ResTime" : 4076.399999999998,
    "pct3ResTime" : 12034.949999999999,
    "throughput" : 22.188298778756035,
    "receivedKBytesPerSec" : 6.147827217775934,
    "sentKBytesPerSec" : 4.211295771686843
  },
  "22 Get Wallet Balance Request" : {
    "transaction" : "22 Get Wallet Balance Request",
    "sampleCount" : 5000,
    "errorCount" : 5000,
    "errorPct" : 100.0,
    "meanResTime" : 316.5278000000004,
    "medianResTime" : 72.0,
    "minResTime" : 1.0,
    "maxResTime" : 19295.0,
    "pct1ResTime" : 658.9000000000005,
    "pct2ResTime" : 835.8999999999996,
    "pct3ResTime" : 3661.99,
    "throughput" : 22.187018819029362,
    "receivedKBytesPerSec" : 6.1474725726846735,
    "sentKBytesPerSec" : 4.211052837830642
  },
  "15 Login Request" : {
    "transaction" : "15 Login Request",
    "sampleCount" : 5000,
    "errorCount" : 4885,
    "errorPct" : 97.7,
    "meanResTime" : 78760.03839999979,
    "medianResTime" : 80000.0,
    "minResTime" : 14387.0,
    "maxResTime" : 80777.0,
    "pct1ResTime" : 80003.0,
    "pct2ResTime" : 80014.0,
    "pct3ResTime" : 80078.0,
    "throughput" : 28.8094771656084,
    "receivedKBytesPerSec" : 73.12028739974302,
    "sentKBytesPerSec" : 0.22331846284153634
  },
  "21 Get Wallet Transactions Request" : {
    "transaction" : "21 Get Wallet Transactions Request",
    "sampleCount" : 5000,
    "errorCount" : 5000,
    "errorPct" : 100.0,
    "meanResTime" : 1526.3827999999971,
    "medianResTime" : 342.0,
    "minResTime" : 1.0,
    "maxResTime" : 68784.0,
    "pct1ResTime" : 2161.9000000000005,
    "pct2ResTime" : 4937.299999999994,
    "pct3ResTime" : 32399.369999999988,
    "throughput" : 22.187117272227052,
    "receivedKBytesPerSec" : 5.716931107059497,
    "sentKBytesPerSec" : 4.319407057611069
  }
}