{
  "23 Get Stock Portfolio Request" : {
    "transaction" : "23 Get Stock Portfolio Request",
    "sampleCount" : 10000,
    "errorCount" : 5448,
    "errorPct" : 54.48,
    "meanResTime" : 45195.97879999999,
    "medianResTime" : 45227.5,
    "minResTime" : 275.0,
    "maxResTime" : 80068.0,
    "pct1ResTime" : 80001.0,
    "pct2ResTime" : 80001.0,
    "pct3ResTime" : 80001.0,
    "throughput" : 32.47069519758418,
    "receivedKBytesPerSec" : 30.182107327824134,
    "sentKBytesPerSec" : 9.277549862811313
  },
  "16 Get Stock Prices Request" : {
    "transaction" : "16 Get Stock Prices Request",
    "sampleCount" : 10000,
    "errorCount" : 225,
    "errorPct" : 2.25,
    "meanResTime" : 8371.7214,
    "medianResTime" : 1228.0,
    "minResTime" : 17.0,
    "maxResTime" : 68448.0,
    "pct1ResTime" : 30498.8,
    "pct2ResTime" : 53808.85,
    "pct3ResTime" : 68181.97,
    "throughput" : 121.64710175780063,
    "receivedKBytesPerSec" : 39.15991271820449,
    "sentKBytesPerSec" : 47.51839912414087
  },
  "14 Register Request" : {
    "transaction" : "14 Register Request",
    "sampleCount" : 10000,
    "errorCount" : 0,
    "errorPct" : 0.0,
    "meanResTime" : 18.339499999999973,
    "medianResTime" : 13.0,
    "minResTime" : 3.0,
    "maxResTime" : 265.0,
    "pct1ResTime" : 32.0,
    "pct2ResTime" : 45.0,
    "pct3ResTime" : 139.9499999999989,
    "throughput" : 201.11821728812197,
    "receivedKBytesPerSec" : 39.67371083222718,
    "sentKBytesPerSec" : 52.7736951827159
  },
  "19 Place Stock Order Request" : {
    "transaction" : "19 Place Stock Order Request",
    "sampleCount" : 10000,
    "errorCount" : 669,
    "errorPct" : 6.69,
    "meanResTime" : 10979.254600000002,
    "medianResTime" : 1266.0,
    "minResTime" : 8.0,
    "maxResTime" : 80033.0,
    "pct1ResTime" : 55843.9,
    "pct2ResTime" : 69083.84999999999,
    "pct3ResTime" : 80001.0,
    "throughput" : 37.599073558827506,
    "receivedKBytesPerSec" : 25.98713577072461,
    "sentKBytesPerSec" : 17.503396841301832
  },
  "Total" : {
    "transaction" : "Total",
    "sampleCount" : 100000,
    "errorCount" : 33767,
    "errorPct" : 33.767,
    "meanResTime" : 26631.215719999982,
    "medianResTime" : 49238.5,
    "minResTime" : 0.0,
    "maxResTime" : 80136.0,
    "pct1ResTime" : 80001.0,
    "pct2ResTime" : 80001.0,
    "pct3ResTime" : 80001.0,
    "throughput" : 275.69171050164863,
    "receivedKBytesPerSec" : 231.3060989554041,
    "sentKBytesPerSec" : 81.0766162986527
  },
  "20 Get Stock Transactions Request" : {
    "transaction" : "20 Get Stock Transactions Request",
    "sampleCount" : 10000,
    "errorCount" : 3663,
    "errorPct" : 36.63,
    "meanResTime" : 8865.273700000007,
    "medianResTime" : 1083.0,
    "minResTime" : 4.0,
    "maxResTime" : 80003.0,
    "pct1ResTime" : 28434.899999999994,
    "pct2ResTime" : 69469.65,
    "pct3ResTime" : 80001.0,
    "throughput" : 37.71748846787791,
    "receivedKBytesPerSec" : 27.39800940650589,
    "sentKBytesPerSec" : 14.435477340747333
  },
  "17 Add Money Request" : {
    "transaction" : "17 Add Money Request",
    "sampleCount" : 10000,
    "errorCount" : 5223,
    "errorPct" : 52.23,
    "meanResTime" : 61711.58969999991,
    "medianResTime" : 80000.0,
    "minResTime" : 9.0,
    "maxResTime" : 80102.0,
    "pct1ResTime" : 80001.0,
    "pct2ResTime" : 80001.0,
    "pct3ResTime" : 80003.0,
    "throughput" : 61.667488899851996,
    "receivedKBytesPerSec" : 90.5099455688055,
    "sentKBytesPerSec" : 12.629206638119758
  },
  "18 Get Wallet Balance Request" : {
    "transaction" : "18 Get Wallet Balance Request",
    "sampleCount" : 10000,
    "errorCount" : 7721,
    "errorPct" : 77.21,
    "meanResTime" : 63125.76179999996,
    "medianResTime" : 80000.0,
    "minResTime" : 337.0,
    "maxResTime" : 80132.0,
    "pct1ResTime" : 80001.0,
    "pct2ResTime" : 80001.0,
    "pct3ResTime" : 80004.0,
    "throughput" : 41.296887453592625,
    "receivedKBytesPerSec" : 74.00691793843873,
    "sentKBytesPerSec" : 5.599712754337205
  },
  "22 Get Wallet Balance Request" : {
    "transaction" : "22 Get Wallet Balance Request",
    "sampleCount" : 10000,
    "errorCount" : 6926,
    "errorPct" : 69.26,
    "meanResTime" : 61259.67059999982,
    "medianResTime" : 80000.0,
    "minResTime" : 288.0,
    "maxResTime" : 80136.0,
    "pct1ResTime" : 80001.0,
    "pct2ResTime" : 80001.0,
    "pct3ResTime" : 80002.0,
    "throughput" : 29.17476266330573,
    "receivedKBytesPerSec" : 43.143875501623576,
    "sentKBytesPerSec" : 5.478148604206417
  },
  "15 Login Request" : {
    "transaction" : "15 Login Request",
    "sampleCount" : 10000,
    "errorCount" : 0,
    "errorPct" : 0.0,
    "meanResTime" : 5.43340000000001,
    "medianResTime" : 3.0,
    "minResTime" : 0.0,
    "maxResTime" : 201.0,
    "pct1ResTime" : 10.0,
    "pct2ResTime" : 19.0,
    "pct3ResTime" : 50.0,
    "throughput" : 202.37589298362778,
    "receivedKBytesPerSec" : 83.59863548054156,
    "sentKBytesPerSec" : 47.827115334021414
  },
  "21 Get Wallet Transactions Request" : {
    "transaction" : "21 Get Wallet Transactions Request",
    "sampleCount" : 10000,
    "errorCount" : 3892,
    "errorPct" : 38.92,
    "meanResTime" : 6779.133699999972,
    "medianResTime" : 1020.0,
    "minResTime" : 2.0,
    "maxResTime" : 80003.0,
    "pct1ResTime" : 14821.699999999995,
    "pct2ResTime" : 49746.29999999933,
    "pct3ResTime" : 80000.0,
    "throughput" : 37.8908440564422,
    "receivedKBytesPerSec" : 14.098838947572334,
    "sentKBytesPerSec" : 14.752903741152489
  }
}