{
  "14 Register Request" : {
    "transaction" : "14 Register Request",
    "sampleCount" : 10000,
    "errorCount" : 0,
    "errorPct" : 0.0,
    "meanResTime" : 28.73329999999994,
    "medianResTime" : 13.0,
    "minResTime" : 3.0,
    "maxResTime" : 487.0,
    "pct1ResTime" : 45.0,
    "pct2ResTime" : 92.94999999999891,
    "pct3ResTime" : 401.0,
    "throughput" : 505.33124463085556,
    "receivedKBytesPerSec" : 211.2126686543029,
    "sentKBytesPerSec" : 132.5996094736975
  },
  "Total" : {
    "transaction" : "Total",
    "sampleCount" : 10000,
    "errorCount" : 0,
    "errorPct" : 0.0,
    "meanResTime" : 28.73329999999994,
    "medianResTime" : 13.0,
    "minResTime" : 3.0,
    "maxResTime" : 487.0,
    "pct1ResTime" : 45.0,
    "pct2ResTime" : 92.94999999999891,
    "pct3ResTime" : 401.0,
    "throughput" : 505.33124463085556,
    "receivedKBytesPerSec" : 211.2126686543029,
    "sentKBytesPerSec" : 132.5996094736975
  }
}