{
  "14 Register Request" : {
    "transaction" : "14 Register Request",
    "sampleCount" : 10000,
    "errorCount" : 0,
    "errorPct" : 0.0,
    "meanResTime" : 78.1885000000001,
    "medianResTime" : 14.0,
    "minResTime" : 3.0,
    "maxResTime" : 1465.0,
    "pct1ResTime" : 58.0,
    "pct2ResTime" : 668.0,
    "pct3ResTime" : 1119.0,
    "throughput" : 486.26306831996106,
    "receivedKBytesPerSec" : 203.24276683685872,
    "sentKBytesPerSec" : 127.5960939399465
  },
  "Total" : {
    "transaction" : "Total",
    "sampleCount" : 10000,
    "errorCount" : 0,
    "errorPct" : 0.0,
    "meanResTime" : 78.1885000000001,
    "medianResTime" : 14.0,
    "minResTime" : 3.0,
    "maxResTime" : 1465.0,
    "pct1ResTime" : 58.0,
    "pct2ResTime" : 668.0,
    "pct3ResTime" : 1119.0,
    "throughput" : 486.26306831996106,
    "receivedKBytesPerSec" : 203.24276683685872,
    "sentKBytesPerSec" : 127.5960939399465
  }
}