{
  "23 Get Stock Portfolio Request" : {
    "transaction" : "23 Get Stock Portfolio Request",
    "sampleCount" : 17000,
    "errorCount" : 17000,
    "errorPct" : 100.0,
    "meanResTime" : 3085.4133529411706,
    "medianResTime" : 2537.0,
    "minResTime" : 0.0,
    "maxResTime" : 35906.0,
    "pct1ResTime" : 5812.0,
    "pct2ResTime" : 7456.949999999999,
    "pct3ResTime" : 14392.800000000032,
    "throughput" : 147.554074228379,
    "receivedKBytesPerSec" : 48.848467933027806,
    "sentKBytesPerSec" : 59.07926800159706
  },
  "16 Get Stock Prices Request" : {
    "transaction" : "16 Get Stock Prices Request",
    "sampleCount" : 17000,
    "errorCount" : 17000,
    "errorPct" : 100.0,
    "meanResTime" : 27.138470588235368,
    "medianResTime" : 15.0,
    "minResTime" : 0.0,
    "maxResTime" : 697.0,
    "pct1ResTime" : 54.0,
    "pct2ResTime" : 84.0,
    "pct3ResTime" : 247.0,
    "throughput" : 143.15548369711667,
    "receivedKBytesPerSec" : 47.39229391926031,
    "sentKBytesPerSec" : 56.89871275852197
  },
  "14 Register Request" : {
    "transaction" : "14 Register Request",
    "sampleCount" : 17000,
    "errorCount" : 0,
    "errorPct" : 0.0,
    "meanResTime" : 3267.3943529411886,
    "medianResTime" : 3036.0,
    "minResTime" : 2.0,
    "maxResTime" : 69056.0,
    "pct1ResTime" : 5856.0,
    "pct2ResTime" : 7179.0,
    "pct3ResTime" : 12640.860000000022,
    "throughput" : 142.54689373548325,
    "receivedKBytesPerSec" : 28.119602084538695,
    "sentKBytesPerSec" : 38.70071192216101
  },
  "19 Place Stock Order Request" : {
    "transaction" : "19 Place Stock Order Request",
    "sampleCount" : 17000,
    "errorCount" : 17000,
    "errorPct" : 100.0,
    "meanResTime" : 3063.5921176470524,
    "medianResTime" : 2656.0,
    "minResTime" : 2.0,
    "maxResTime" : 69016.0,
    "pct1ResTime" : 5280.9,
    "pct2ResTime" : 6686.449999999988,
    "pct3ResTime" : 12928.570000000229,
    "throughput" : 143.2519886746663,
    "receivedKBytesPerSec" : 47.4242423444452,
    "sentKBytesPerSec" : 70.78662721619253
  },
  "Total" : {
    "transaction" : "Total",
    "sampleCount" : 170000,
    "errorCount" : 136000,
    "errorPct" : 80.0,
    "meanResTime" : 2569.850694117641,
    "medianResTime" : 364.0,
    "minResTime" : 0.0,
    "maxResTime" : 69056.0,
    "pct1ResTime" : 2498.0,
    "pct2ResTime" : 2712.0,
    "pct3ResTime" : 3674.0,
    "throughput" : 1324.905892713797,
    "receivedKBytesPerSec" : 432.66458058934927,
    "sentKBytesPerSec" : 511.09490716160343
  },
  "20 Get Stock Transactions Request" : {
    "transaction" : "20 Get Stock Transactions Request",
    "sampleCount" : 17000,
    "errorCount" : 17000,
    "errorPct" : 100.0,
    "meanResTime" : 3039.307294117637,
    "medianResTime" : 2776.5,
    "minResTime" : 1.0,
    "maxResTime" : 51056.0,
    "pct1ResTime" : 5025.0,
    "pct2ResTime" : 6096.0,
    "pct3ResTime" : 10950.900000000016,
    "throughput" : 143.45023120801972,
    "receivedKBytesPerSec" : 47.489871464373714,
    "sentKBytesPerSec" : 57.85639207901576
  },
  "17 Add Money Request" : {
    "transaction" : "17 Add Money Request",
    "sampleCount" : 17000,
    "errorCount" : 17000,
    "errorPct" : 100.0,
    "meanResTime" : 3345.2695882352973,
    "medianResTime" : 2976.5,
    "minResTime" : 1.0,
    "maxResTime" : 51065.0,
    "pct1ResTime" : 5717.799999999999,
    "pct2ResTime" : 7116.949999999999,
    "pct3ResTime" : 14441.610000000062,
    "throughput" : 143.1518672897983,
    "receivedKBytesPerSec" : 47.391096690665655,
    "sentKBytesPerSec" : 62.34934844848638
  },
  "18 Get Wallet Balance Request" : {
    "transaction" : "18 Get Wallet Balance Request",
    "sampleCount" : 17000,
    "errorCount" : 17000,
    "errorPct" : 100.0,
    "meanResTime" : 3226.6718823529523,
    "medianResTime" : 2848.0,
    "minResTime" : 1.0,
    "maxResTime" : 51066.0,
    "pct1ResTime" : 5585.0,
    "pct2ResTime" : 7079.949999999999,
    "pct3ResTime" : 13832.170000000133,
    "throughput" : 143.15789473684208,
    "receivedKBytesPerSec" : 47.39309210526316,
    "sentKBytesPerSec" : 57.17927631578947
  },
  "22 Get Wallet Balance Request" : {
    "transaction" : "22 Get Wallet Balance Request",
    "sampleCount" : 17000,
    "errorCount" : 17000,
    "errorPct" : 100.0,
    "meanResTime" : 3346.815529411771,
    "medianResTime" : 2754.5,
    "minResTime" : 1.0,
    "maxResTime" : 51057.0,
    "pct1ResTime" : 6023.499999999998,
    "pct2ResTime" : 7859.699999999993,
    "pct3ResTime" : 17145.99,
    "throughput" : 145.14655533072067,
    "receivedKBytesPerSec" : 48.051447516713196,
    "sentKBytesPerSec" : 57.973575322524184
  },
  "15 Login Request" : {
    "transaction" : "15 Login Request",
    "sampleCount" : 17000,
    "errorCount" : 0,
    "errorPct" : 0.0,
    "meanResTime" : 35.10817647058832,
    "medianResTime" : 20.0,
    "minResTime" : 1.0,
    "maxResTime" : 752.0,
    "pct1ResTime" : 73.0,
    "pct2ResTime" : 112.0,
    "pct3ResTime" : 295.0,
    "throughput" : 143.0422563653804,
    "receivedKBytesPerSec" : 60.06657249718123,
    "sentKBytesPerSec" : 36.06310733796257
  },
  "21 Get Wallet Transactions Request" : {
    "transaction" : "21 Get Wallet Transactions Request",
    "sampleCount" : 17000,
    "errorCount" : 17000,
    "errorPct" : 100.0,
    "meanResTime" : 3261.796176470579,
    "medianResTime" : 2863.0,
    "minResTime" : 1.0,
    "maxResTime" : 50055.0,
    "pct1ResTime" : 5515.0,
    "pct2ResTime" : 7014.0,
    "pct3ResTime" : 13964.12000000014,
    "throughput" : 143.85080133358156,
    "receivedKBytesPerSec" : 47.62248208211342,
    "sentKBytesPerSec" : 58.15842944541285
  }
}