{
  "14 Register Request" : {
    "transaction" : "14 Register Request",
    "sampleCount" : 10000,
    "errorCount" : 0,
    "errorPct" : 0.0,
    "meanResTime" : 30.669100000000018,
    "medianResTime" : 13.0,
    "minResTime" : 2.0,
    "maxResTime" : 608.0,
    "pct1ResTime" : 48.0,
    "pct2ResTime" : 83.94999999999891,
    "pct3ResTime" : 475.97999999999956,
    "throughput" : 505.28017785862255,
    "receivedKBytesPerSec" : 211.19132433934615,
    "sentKBytesPerSec" : 132.58620948284573
  },
  "Total" : {
    "transaction" : "Total",
    "sampleCount" : 10000,
    "errorCount" : 0,
    "errorPct" : 0.0,
    "meanResTime" : 30.669100000000018,
    "medianResTime" : 13.0,
    "minResTime" : 2.0,
    "maxResTime" : 608.0,
    "pct1ResTime" : 48.0,
    "pct2ResTime" : 83.94999999999891,
    "pct3ResTime" : 475.97999999999956,
    "throughput" : 505.28017785862255,
    "receivedKBytesPerSec" : 211.19132433934615,
    "sentKBytesPerSec" : 132.58620948284573
  }
}