{
  "14 Register Request" : {
    "transaction" : "14 Register Request",
    "sampleCount" : 10000,
    "errorCount" : 0,
    "errorPct" : 0.0,
    "meanResTime" : 283.75859999999943,
    "medianResTime" : 164.0,
    "minResTime" : 4.0,
    "maxResTime" : 3443.0,
    "pct1ResTime" : 679.6999999999989,
    "pct2ResTime" : 1024.0,
    "pct3ResTime" : 1811.9199999999983,
    "throughput" : 498.72824298039995,
    "receivedKBytesPerSec" : 208.45282030821406,
    "sentKBytesPerSec" : 130.86697281307667
  },
  "Total" : {
    "transaction" : "Total",
    "sampleCount" : 20000,
    "errorCount" : 0,
    "errorPct" : 0.0,
    "meanResTime" : 156.474000000001,
    "medianResTime" : 43.0,
    "minResTime" : 1.0,
    "maxResTime" : 3443.0,
    "pct1ResTime" : 432.0,
    "pct2ResTime" : 679.8500000000022,
    "pct3ResTime" : 1484.0,
    "throughput" : 972.9046067033127,
    "receivedKBytesPerSec" : 404.268466945566,
    "sentKBytesPerSec" : 242.6081102240113
  },
  "15 Login Request" : {
    "transaction" : "15 Login Request",
    "sampleCount" : 10000,
    "errorCount" : 0,
    "errorPct" : 0.0,
    "meanResTime" : 29.189400000000056,
    "medianResTime" : 13.0,
    "minResTime" : 1.0,
    "maxResTime" : 557.0,
    "pct1ResTime" : 61.0,
    "pct2ResTime" : 117.0,
    "pct3ResTime" : 236.95999999999913,
    "throughput" : 524.8517293864483,
    "receivedKBytesPerSec" : 216.8088686820973,
    "sentKBytesPerSec" : 124.03722510890672
  }
}